nom,prenom,email,telephone,sexe,formation,annee,_truth
Rakotomalala,Marie,marie.rakotomalala@gmail.com,0323320419,F,IA,2026,0
Marie,Rakotomalala,,+261323320419,F,Data,2025,0
Rasoa,Fanja,fanja.rasoa@yahoo.fr,034 86 857 02,F,IA,2026,1
Fanja,Rasoa,fanja.rasoa@yahoo.fr,0348685702,F,Excel,2024,1
Rakoto,Naivo,naivo.rakoto@hotmail.com,+261328834813,M,IA,2026,2
Rakotoarisoa,Fanja,fanja.rakotoarisoa@yahoo.fr,0347606524,F,Excel,2024,3
Rabe,Tiana,tiana.rabe@gmail.com,+261336872032,F,Excel,2024,4
Tiana,Rabe,tiana.rabe@gmial.com,+261336882032,F,Python,2024,4
Rabe,Marie,marie.rabe@hotmail.com,034 24 861 17,F,IA,2026,5
Randria,Soa,soa.randria@gmail.com,034 74 539 14,F,IA,2026,6
Rasoa,Mamy,mamy.rasoa@yahoo.fr,032 11 653 54,M,Python,2024,7
Rasoa,Naivo,naivo.rasoa@gmail.com,+261326187732,M,Excel,2024,8
Rakotomalala,Lalaina,lalaina.rakotomalala@hotmail.com,+261380779751,F,Python,2024,9
Ravelo,Tsiky,tsiky.ravelo@gmail.com,034 85 131 99,F,Excel,2024,10
Ravelo,Tsiky,tsiky.ravelo@gmail.com,034 85 131 99,F,Excel,2024,10
Ravelo,Tsiky,tsiky.ravelo@gmail.com,034 85 131 99,F,IA,2026,10
Rasoa,Marie,marie.rasoa@hotmail.com,0344139822,F,IA,2026,11
Marie,Rasoa,marie.rasoa@hotmail.com,0344139822,F,Python,2024,11
Rasoaa,Marie,marie.rasoa@hotmail.com,034 41 398 32,F,Data,2025,11
Rasolofo,Tiana,tiana.rasolofo@hotmail.com,032 04 077 14,F,IA,2026,12
Razafy,Fanja,fanja.razafy@yahoo.fr,0332842572,F,IA,2026,13
Razafy,Fanja,fanja.razafy@yahoo.fr,033 28 425 82,F,IA,2026,13
Razafy,Fanja,fanja.razafy@yahoo.fr,+261332842572,F,Data,2025,13
Rakoto,Fanja,fanja.rakoto@hotmail.com,0389645123,F,IA,2026,14
Rakotoarisoa,Mamy,mamy.rakotoarisoa@hotmail.com,0335070003,M,IA,2026,15
Rakotoarisoa,Mamy,mamy.rakotoarisoa@hotmail.com,+261335070003,M,Data,2025,15
Rakotoarisoa,Mamy,mamy.rakotoarisoa@hotmail.com,0335070013,M,Excel,2024,15
Rakotomalala,Soa,soa.rakotomalala@yahoo.fr,0332457852,F,Data,2025,16
Randria,Mamy,mamy.randria@hotmail.com,0381044476,M,IA,2026,17
Randria,Tsiky,tsiky.randria@gmail.com,+261320781151,F,Data,2025,18
RANDRIA,Tsiky,tsiky.randria@gmial.com,+261320781151,F,IA,2026,18
Randria,Tsiky,tsiky29@gmail.com,0320781151,F,Excel,2024,18
Ravelo,Fanja,fanja.ravelo@hotmail.com,034 48 088 06,F,Python,2024,19
Rasolofo,Mamy,mamy.rasolofo@gmail.com,032 99 814 24,M,Python,2024,20
Rakotomalala,Fanja,fanja.rakotomalala@hotmail.com,0333927449,F,Data,2025,21
Fanja,Rakotomalala,fanja.rakotomalala@hotmail.com,+261333927449,F,Excel,2024,21
Rasolofo,Marie,marie.rasolofo@hotmail.com,+261381295570,F,IA,2026,22
Rasolofo,Marie,marie.rasolofo@hotmail.com,+261381296570,F,Python,2024,22
Rasolofo,Marie,marie92@gmail.com,038 12 955 70,F,Excel,2024,22
Randria,Tiana,tiana.randria@hotmail.com,+261385819015,F,Excel,2024,23
Randria,Tiana,tiana.randria@hotmail.com,+261385819015,F,IA,2026,23
Rakotomalala,Tsiky,tsiky.rakotomalala@hotmail.com,033 49 550 06,F,IA,2026,24
Tsiky,Rakotomalala,tsiky.rakotomalala@hotmail.com,,F,Data,2025,24
Razafy,Naivo,naivo.razafy@yahoo.fr,0349272362,M,IA,2026,25
Naivo,Razafy,naivo.razafy@yahoo.fr,0349272362,M,IA,2026,25
Razafy,Naivo,naivo.razafy@yahoo.fr,,M,Data,2025,25
Rakotoarisoa,Naivo,naivo.rakotoarisoa@yahoo.fr,032 06 505 51,M,IA,2026,26
Razafy,Mamy,mamy.razafy@hotmail.com,+261328318769,M,IA,2026,27
Raazafy,Mamy,mamy.razafy@hotmail.com,032 83 187 69,M,Excel,2024,27
Razafy,Mamy,,0328318769,M,IA,2026,27
Rakotoarisoa,Tiana,tiana.rakotoarisoa@hotmail.com,0326591828,F,Data,2025,28
Rakoto,Jean,jean.rakoto@gmail.com,0332672624,M,Python,2024,29
Randria,Jean,jean.randria@yahoo.fr,+261326803191,M,Data,2025,30
Randria,Jean,jean.randria@yahoo.fr,0326803191,M,Data,2025,30
Randria,Jean,jean.randria@yahoo.fr,0326803191,M,Python,2024,30
Rakotoarisoa,Jean,jean.rakotoarisoa@hotmail.com,+261385196103,M,Excel,2024,31
Rakkotoarisoa,Jean,jean.rakotoarisoa@hotmail.com,,M,Data,2025,31
Raakotoarisoa,Jean,jean.rakotoarisoa@hotmail.com,0385196103,M,Excel,2024,31
Andrianarivo,Naivo,naivo.andrianarivo@hotmail.com,+261334039903,M,Excel,2024,32
Andrianariivo,Naivo,naivo.andrianarivo@hotmail.com,,M,Excel,2024,32
Rasolofo,Tsiky,tsiky.rasolofo@gmail.com,0336358979,F,IA,2026,33
Rasolofo,Tsiky,,+261336358979,F,IA,2026,33
RASOLOFO,Tsiky,tsiky.rasolofo@gmial.com,0336358979,F,Python,2024,33
Rasoa,Tsiky,tsiky.rasoa@hotmail.com,0339880739,F,Data,2025,34
Rasoa,Tsiky,tsiky.rasoa@hotmail.com,+261339880739,F,Data,2025,34
Rasoa,Tsiky,tsiky31@gmail.com,+261339880739,F,Python,2024,34
Rakotomalala,Hery,hery.rakotomalala@yahoo.fr,033 27 188 28,M,Data,2025,35
Rakotomalala,Hery,hery15@gmail.com,033 27 188 28,M,IA,2026,35
Ravelo,Mamy,mamy.ravelo@yahoo.fr,034 37 201 38,M,Data,2025,36
Ravelo,Mamy,mamy.ravelo@yahoo.fr,+261343720138,M,Excel,2024,36
Ravelo,Mamy,mamy.ravelo@yahoo.fr,034 37 201 38,M,Data,2025,36
Rakoto,Lalaina,lalaina.rakoto@gmail.com,+261346395919,F,IA,2026,37
Rakotoo,Lalaina,lalaina.rakoto@gmial.com,034 63 959 29,F,IA,2026,37
Rakoto,Lalaina,lalaina.rakoto@gmail.com,,F,IA,2026,37
Rakoto,Tiana,tiana.rakoto@hotmail.com,034 05 374 91,F,Excel,2024,38
Tiana,Rakoto,tiana.rakoto@hotmail.com,034 05 374 91,F,IA,2026,38
RAKOTO,Tiana,tiana90@gmail.com,034 05 374 91,F,Python,2024,38
Randria,Fanja,fanja.randria@hotmail.com,0332709577,F,Python,2024,39
Rakotomalala,Marie,marie48@yahoo.fr,0333063387,F,IA,2026,100
Rasolofo,Tiana,tiana.rasolofo@gmail.com,+261348685702,F,IA,2026,101
